Player,Era,Figure,Connection
Michael Jordan,90s,King David,Underdogs who became GOATs
LeBron James,2010s,Moses,Leading their people to promised land
Kobe Bryant,2000s,Samson,Incredible strength, tragic story
Magic Johnson,80s,Joseph,Visionary who elevated everyone
Stephen Curry,2020s,David (young),Small stature, impossible accuracy
Shaquille O'Neal,90s,Goliath,Dominant physical force
Tim Duncan,2000s,Solomon,Quiet wisdom, fundamental mastery
Allen Iverson,2000s,Gideon,Small warrior vs. giants
Hakeem Olajuwon,90s,Abraham,Faithful foundation, multi-skilled
Kevin Garnett,2000s,Elijah,Intense, prophetic intensity
Dirk Nowitzki,2010s,Ruth,Outsider who became beloved
Isiah Thomas,80s,Nehemiah,Small leader, rebuilt from ruins
Charles Barkley,90s,Jonah,Outspoken, ran from destiny
Karl Malone,90s,Esau,Physical hunter, almost had it all
John Stockton,90s,Aaron,Faithful assistant to greatness
